Артикул;Наименование товара;Единица измерения;Цена;Поставщик;Производитель;Категория товара;Действующая скидка;Кол-во на складе;Описание товара;Фото
PMEZMH;Детский игровой набор машинок Щенячий патруль / Dogs mini . 9 героев + 9 инерфионных машинок;шт.;1 414;Pikeshop;ABSпластик;Игровой набор;22;50;Детский набор машинок с героями мультсериала «Щенячий патруль» подойдет как для мальчиков, так и для девочек. В детский набор входит 9 фигурок щенков спасателей. ;1.jpg
BPV4MM;Конструктор Гарри Поттер Сова Букля 630 деталей совместим с lego harry potter, лего совместимый);шт.;771;Playbig;ABSпластик;Конструктор;15;26;Коллекционная модель Букля состоит из множества потрясающих элементов, а также специального механизма внутри. С его помощью можно плавно поднимать-опускать крылья птицы.;2.jpg
JVL42J;Музыкальные инструменты для детей, ксилофон, барабаны, развивающие игрушки, игрушки для детей;шт.;2750;Playbig;BambiniFelici;Детский музыкальный инструмент;15;0;Откройте мир музыки для вашего ребенка с этой уникальной игрушкой! Это многофункциональное музыкальное чудо объединяет в себе всё, что нужно для творческого развития.;3.jpg
F895RB;Машинка игрушка диско шар светящаяся музыкальная;шт.;368;Knauf;ABSпластик;Машинка;6;7;Светящаяся музыкальная машина с диско шаром переливается разными цветами, играет ритмичные мелодии, объезжает препятствия и крутится, поэтому с ней точно не будет скучно.;4.jpg
3XBOTN;Игровой набор Hot Wheels Action Loop Cyclone Challenge Track, с машинкой и удобным хранением, HTK16;шт.;3426;Knauf;BambiniFelici;Игровой набор;10;21;Игровой набор Hot Wheels Action Loop Cyclone Challenge Track - это уникальная игра, которая позволит вам испытать себя и своих друзей в скорости и ловкости. Этот набор состоит из металлической дорожки с циклоном, которая создает потрясающий эффект и добавляет дополнительную сложность в игру.;5.jpg
3L7RCZ;Игровой набор с деревянными машинками Стройплощадка Кран-Паркс, Junion;шт.;7400;Knauf;Junion;Игровой набор;15;0;Игровой набор «Стройплощадка Кран-Паркс Junion» — это большая игрушечная парковка с деревянными машинками и настоящим подъёмным краном, придуманная в Яндексе настоящими родителями.;6.jpg
S72AM3;Синтезатор детский с микрофоном 61 клавиша;шт.;1749;CHILITOY;Junion;Детский музыкальный инструмент;10;35;Откройте для ребенка дверь в мир музыки с детским синтезатором! Этот компактный инструмент с микрофоном станет верным другом для юных музыкантов, помогая им развивать творческий потенциал и получать удовольствие от игры.;7.jpg
2G3280;"Деревянный игровой набор JUNION Стройплощадка ""Кран-Паркс"" с подъёмным, строительным краном и машинками, 18 предметов, подвижные элементы";шт.;1624;Vinylon;Junion;Игровой набор;9;20;Игровой набор «Стройплощадка Кран-Паркс Junion» — это большая игрушечная парковка с деревянными машинками и настоящим подъёмным краном, придуманная в Яндексе настоящими родителями.;8.jpg
MIO8YV;Музыкальная игрушка интерактивная Пульт, детский прорезыватель для малышей;шт.;305;Vinylon;BambiniFelici;Детский музыкальный инструмент;9;31;Музыкальная игрушка интерактивная Пульт, детский прорезыватель для малышей;9.jpg
UER2QD;Большой набор опытов и экспериментов для детей 14 в 1;шт.;2506;Vinylon;BambiniFelici;Игровой набор;8;27;Большой набор опытов и экспериментов для детей 14 в 1;10.jpg
